{"cameraMode":{"drawMode":0,"name":"Shaded","section":"Shading Mode"},"sceneLighting":false,"audioPlay":false,"sceneViewState":{"m_AlwaysRefresh":false,"showFog":false,"showSkybox":false,"showFlares":false,"showImageEffects":false,"showParticleSystems":false,"showVisualEffectGraphs":true,"m_FxEnabled":true},"in2DMode":false,"pivot":{"x":0.29367417097091677,"y":0.5627197027206421,"z":-1.3467655181884766},"rotation":{"x":-0.0013206395087763668,"y":-0.9944165349006653,"z":0.10479862242937088,"w":-0.012531288899481297},"size":1.816182255744934,"orthographic":false}