{"cameraMode":{"drawMode":0,"name":"Shaded","section":"Shading Mode"},"sceneLighting":true,"audioPlay":false,"sceneViewState":{"m_AlwaysRefresh":false,"showFog":true,"showSkybox":true,"showFlares":true,"showImageEffects":true,"showParticleSystems":true,"showVisualEffectGraphs":true,"m_FxEnabled":true},"in2DMode":false,"pivot":{"x":0.7670292854309082,"y":1.3531180620193482,"z":2.632061243057251},"rotation":{"x":0.11933062970638275,"y":-0.23070088028907777,"z":0.028515717014670373,"w":0.9652637839317322},"size":0.24957704544067384,"orthographic":false}