{"cameraMode":{"drawMode":0,"name":"Shaded","section":"Shading Mode"},"sceneLighting":true,"audioPlay":false,"sceneViewState":{"m_AlwaysRefresh":false,"showFog":true,"showSkybox":true,"showFlares":true,"showImageEffects":true,"showParticleSystems":true,"showVisualEffectGraphs":true,"m_FxEnabled":true},"in2DMode":false,"pivot":{"x":-0.04658770561218262,"y":1.4038687944412232,"z":-4.647531509399414},"rotation":{"x":-0.008831718005239964,"y":0.9885225892066956,"z":0.0638480931520462,"w":0.13668140769004823},"size":4.312560081481934,"orthographic":false}