{"cameraMode":{"drawMode":0,"name":"Shaded","section":"Shading Mode"},"sceneLighting":true,"audioPlay":false,"sceneViewState":{"m_AlwaysRefresh":false,"showFog":true,"showSkybox":true,"showFlares":true,"showImageEffects":true,"showParticleSystems":true,"showVisualEffectGraphs":true,"m_FxEnabled":true},"in2DMode":false,"pivot":{"x":0.4763146638870239,"y":1.4162054061889649,"z":1.216583251953125},"rotation":{"x":0.04203078895807266,"y":-0.35613441467285159,"z":-0.01603557914495468,"w":-0.9333629012107849},"size":1.564812183380127,"orthographic":false}