{"cameraMode":{"drawMode":0,"name":"Shaded","section":"Shading Mode"},"sceneLighting":true,"audioPlay":false,"sceneViewState":{"m_AlwaysRefresh":false,"showFog":true,"showSkybox":true,"showFlares":true,"showImageEffects":true,"showParticleSystems":true,"showVisualEffectGraphs":true,"m_FxEnabled":true},"in2DMode":false,"pivot":{"x":3.1149649620056154,"y":4.583447456359863,"z":8.752087593078614},"rotation":{"x":0.050972484052181247,"y":0.014382394962012768,"z":-0.0007464040536433458,"w":0.9986140727996826},"size":7.121333599090576,"orthographic":false}