{"cameraMode":{"drawMode":0,"name":"Shaded","section":"Shading Mode"},"sceneLighting":true,"audioPlay":false,"sceneViewState":{"m_AlwaysRefresh":false,"showFog":true,"showSkybox":true,"showFlares":true,"showImageEffects":true,"showParticleSystems":true,"showVisualEffectGraphs":true,"m_FxEnabled":true},"in2DMode":false,"pivot":{"x":-1.1524125337600709,"y":0.8013880252838135,"z":1.6629071235656739},"rotation":{"x":0.08448689430952072,"y":-0.145051509141922,"z":0.012427572160959244,"w":0.9857370853424072},"size":3.493828296661377,"orthographic":false}