{"cameraMode":{"drawMode":0,"name":"Shaded","section":"Shading Mode"},"sceneLighting":true,"audioPlay":false,"sceneViewState":{"m_AlwaysRefresh":false,"showFog":true,"showSkybox":true,"showFlares":true,"showImageEffects":true,"showParticleSystems":true,"showVisualEffectGraphs":true,"m_FxEnabled":true},"in2DMode":false,"pivot":{"x":4.038851737976074,"y":1.5917445421218873,"z":7.178526878356934},"rotation":{"x":-0.025000594556331636,"y":0.9297232031822205,"z":-0.06425365060567856,"w":-0.36178871989250185},"size":0.6206677556037903,"orthographic":false}