{"cameraMode":{"drawMode":0,"name":"Shaded","section":"Shading Mode"},"sceneLighting":false,"audioPlay":false,"sceneViewState":{"m_AlwaysRefresh":false,"showFog":false,"showSkybox":false,"showFlares":false,"showImageEffects":false,"showParticleSystems":false,"showVisualEffectGraphs":true,"m_FxEnabled":true},"in2DMode":false,"pivot":{"x":0.7159575819969177,"y":0.9731569290161133,"z":-0.31920480728149416},"rotation":{"x":-0.002670665504410863,"y":-0.9903907179832459,"z":-0.019315624609589578,"w":0.1369415670633316},"size":0.7611057758331299,"orthographic":false}