{"cameraMode":{"drawMode":0,"name":"Shaded","section":"Shading Mode"},"sceneLighting":false,"audioPlay":false,"sceneViewState":{"m_AlwaysRefresh":false,"showFog":false,"showSkybox":false,"showFlares":false,"showImageEffects":false,"showParticleSystems":false,"showVisualEffectGraphs":true,"m_FxEnabled":true},"in2DMode":false,"pivot":{"x":0.253779798746109,"y":0.8748162984848023,"z":0.35735172033309939},"rotation":{"x":0.001491761184297502,"y":-0.9972565174102783,"z":-0.020946012809872628,"w":-0.07102562487125397},"size":1.526289939880371,"orthographic":false}