{"cameraMode":{"drawMode":0,"name":"Shaded","section":"Shading Mode"},"sceneLighting":false,"audioPlay":false,"sceneViewState":{"m_AlwaysRefresh":false,"showFog":true,"showSkybox":false,"showFlares":true,"showImageEffects":true,"showParticleSystems":true,"showVisualEffectGraphs":true,"m_FxEnabled":true},"in2DMode":false,"pivot":{"x":0.3320672810077667,"y":0.5226138234138489,"z":-0.23617121577262879},"rotation":{"x":0.01084226742386818,"y":0.9710142612457275,"z":-0.23453758656978608,"w":0.04488672316074371},"size":1.5347670316696168,"orthographic":false}